{"cameraMode":{"drawMode":31,"name":"Sprite Mask","section":"Miscellaneous"},"sceneLighting":true,"audioPlay":false,"sceneViewState":{"showFog":false,"showMaterialUpdate":false,"showSkybox":false,"showFlares":false,"showImageEffects":false,"showParticleSystems":false},"in2DMode":false,"pivot":{"x":4.307360649108887,"y":-5.244744300842285,"z":2001.1068115234375},"rotation":{"x":0.05067572370171547,"y":-0.6386080384254456,"z":0.04220953211188316,"w":0.7667008638381958},"size":76.98529815673828,"orthographic":false}